Momentum,Efficiency
501.1872336,1.5
1000,0.45
1258.925412,0.7
